Term,GPT2_Large_Output
Atypical,"Atypical is a term used to describe a person who is different from the rest of the population. Atypical people are often referred to as ""atypical"" or ""atypical.""
Atypical people are often referred to as ""atypical"" or ""atypical."" Atypical people are often referred to as ""atypical"" or ""atyp"
Abduction,"Abduction is the act of taking a person from another country and holding them against their will for a period of time. It can be done in many different ways, but the most common way is to abduct a person from their home country and hold them against their will for a period of time.
Abduction can be done in many different ways, but the most common way is to abduct a person"
Abdominocentesis,"Abdominocentesis is a medical procedure in which a small sample of tissue is removed from the abdomen and examined under a microscope to determine the presence or absence of certain types of cancer.
Abdominocentesis is used to determine the presence or absence of certain types of cancer.
Abdominocentesis is a medical procedure in which a small sample of tissue is removed from the abdomen"
Cardiac,"Cardiac is an acronym for Cardiac Arrest, Cardiac Arrest with Resuscitation, Cardiac Arrest with Resuscitation, Cardiac Arrest with Resuscitation, Cardiac Arrest with Resuscitation, Cardiac Arrest with Resuscitation, Cardiac Arrest with Resuscitation, Cardiac Arrest with Resuscitation, Cardiac Arrest with Resuscitation, Cardiac Arrest with Resusc"
Acouesthesia,Acouesthesia is the use of an electric current to induce a state of unconsciousness. Acoustics is the study of sound. Acoustics is the study of sound. Acoustics is the study of sound. Acoustics is the study of sound. Acoustics is the study of sound. Acoustics is the study of sound. Acoustics is the study of sound
Adduction,"Adduction is the movement of the body from one position to another.
Adduction is the movement of the body from one position to another.
Adduction is the movement of the body from one position to another.
Adduction is the movement of the body from one position to another.
Adduction is the movement of the body from one position to another.
Adduction is the movement"
Myalgia,"Myalgia is a term used to describe a condition in which a person has a strong emotional reaction to a particular event or situation. For example, a person may have a strong emotional reaction to the death of a loved one, or the death of a loved one's child. Myalgia can also be a symptom of other conditions, such as post-traumatic stress disorder (PTSD), depression,"
Oligohydramnios,"Oligohydramnios is the Greek word for ""water"" or ""watery liquid."" It is used to describe any liquid that has a pH of less than 7.0.
Oligohydramnios is also used to describe any liquid that has a pH of more than 7.0.
Oligohydramnios is also used to describe any liquid that has a"
Anoxia,"Anoxia is the lack of oxygen in the blood.
Anoxia can be caused by a number of things, including:
1. Hypoxia

Hypoxia is the lack of oxygen in the blood.

Hypoxia can be caused by a number of things, including:

2. Cardiac arrest

Cardiac arrest is when the heart stops"
Lymphangitis,"Lymphangitis is an inflammation of the lymphatic system. The lymphatic system is a network of blood vessels that carry lymph from the lungs to the rest of the body. Lymphangitis can be caused by a number of conditions, including:

Chronic obstructive pulmonary disease (COPD)

Chronic obstructive pulmonary disease (COPD) Chronic bronch"
Antepartum,"Antepartum is a term used to refer to the period of time between the birth of a child and the time that the child is expected to leave the hospital. It is also referred to as the ""postpartum period"" or ""postpartum period.""
Antepartum refers to the period of time between the birth of a child and the time that the child is expected to"
Antipsychotic,"Antipsychotic is a class of drugs that are used to treat schizophrenia and other mental illnesses. They are used to treat the symptoms of schizophrenia and other mental illnesses.
Antipsychotic is a class of drugs that are used to treat schizophrenia and other mental illnesses. They are used to treat the symptoms of schizophrenia and other mental illnesses. Antipsychotic is a class of drugs that are"
Aortography,"Aortography is the study of the flow of blood through the heart. Aortic aneurysm is the narrowing of the aorta, the main artery that carries blood from the heart to the rest of the body. Aortic aneurysm is the most common cause of death in the United States.
Aortic aneurysm is the most common cause of"
Plasmapheresis,"Plasmapheresis is a medical procedure in which a patient is injected with a substance that causes the patient's blood vessels to dilate, allowing blood to flow more easily through the body.
Plasmapheresis can be used to treat a wide variety of conditions, including:
Blood clots Blood clots are a type of blood clot that forms in the blood vessels of the legs"
Appendicular,"Appendicular is a term used to refer to the area of the penis that is attached to the scrotum.
Appendicular refers to the area of the penis that is attached to the scrotum.
Appendicular refers to the area of the penis that is attached to the scrotum.
Appendicular refers to the area of the penis that is attached to the"
Coronary,"Coronary is the flow of blood from the heart to the rest of the body.
Coronary is the flow of blood from the heart to the rest of the body.
Coronary is the flow of blood from the heart to the rest of the body.
Coronary is the flow of blood from the heart to the rest of the body.
Coronary is"
Myasthenia gravis,"Myasthenia gravis is a disease that affects the muscles of the neck, shoulders, arms, and legs. It is caused by a protein called myostatin. Myostatin is a protein found in the muscles of the neck, shoulders, arms, and legs. Myostatin is a protein found in the muscles of the neck, shoulders, arms, and legs. Myostatin"
Artroscope,"Artroscope is an open-source project that aims to make it easier for artists to share their work with the world.
Artroscope is an open-source project that aims to make it easier for artists to share their work with the world.
Artroscope is an open-source project that aims to make it easier for artists to share their work with the world.
Artro"
Audiology,Audiology is a branch of medicine that deals with the study of the human body. Audiology is a branch of medicine that deals with the study of the human body. Audiology is a branch of medicine that deals with the study of the human body. Audiology is a branch of medicine that deals with the study of the human body. Audiology is a branch of medicine that deals with the study
Auricular Cartilage,"Auricular cartilage is the outermost layer of cartilage in the body. It is made up of collagen, elastin, and chondroitin sulfate.
Auricular cartilage is the outermost layer of cartilage in the body. It is made up of collagen, elastin, and chondroitin sulfate.
Auricular cartilage is the"
Axillary Lymph Node,"The axillary lymph node is located at the base of the neck. It is the first lymph node to develop in a child. It is also the first lymph node to develop in a woman.
The axillary lymph node is the first lymph node to develop in a child. It is also the first lymph node to develop in a woman.
The axillary lymph node is the first lymph node"
Barotrauma,"Barotrauma is a term used to describe the process by which a person's body begins to break down. It can be caused by a number of factors, including:
1. Stress

2. Injury

3. Infection

4. Illness

5. Drugs

6. Alcohol

7. Smoking

8. Obesity

9."
Biceps,Biceps is a muscle that attaches to the upper arm. It is the largest muscle in the human body. It is also the largest muscle in the human body when compared to other muscles such as the biceps brachii and triceps brachii. The biceps brachii and triceps brachii are the largest muscles in the human body when compared to other muscles such as the
Myeloblast,"Myeloblast is a type of white blood cell that is found in the bone marrow. Myeloblasts are the cells that produce myelin, the insulating sheath that surrounds nerve cells. Myeloblasts are responsible for the production of myelin. Myeloblasts are also responsible for the production of white blood cells called lymphocytes. Myeloblasts are also responsible for"
Blepharoplasty,"Blepharoplasty is the surgical removal of a portion of the eyelid. Blepharoplasty can be performed for a variety of reasons, including:

To reduce the size of the eyelid

To improve the appearance of the eyelid

To reduce the size of the eyelid

To reduce the size of the eyelid

Blepharoplasty"
Brachial Artery,"Brachial Artery (BA) is a small bone located in the back of the neck. It is the largest bone in the human body and is responsible for the movement of the head, neck, shoulders, arms, and legs. It is also responsible for the movement of the eyes, ears, nose, mouth, tongue, and teeth. The BA is also responsible for the movement of the heart"
Bradycardia,"Bradycardia is a congenital abnormality of the heart. It occurs in about 1 in 100,000 births. It is caused by a defect in the way the heart pumps blood to the rest of the body.
Bradycardia can be caused by a number of factors, including:
Heart disease

High blood pressure

High cholesterol

High blood sugar

High"
Bronchospasm,"Bronchospasm is a condition that occurs when the blood supply to the brain is interrupted. This can happen when there is a blockage in the blood supply to the brain, such as a blockage in the aorta or a blockage in the aortic valve. It can also happen when there is a blockage in the blood supply to the brain, such as a blockage"
Bronchiolitis,"Bronchiolitis is an inflammation of the bronchial tubes (bronchioles). The bronchioles are the tubes that carry air from the lungs to the rest of the body. When the bronchioles become inflamed, the air can't get to the rest of the body. This can lead to coughing, wheezing, shortness of breath, chest pain"
Calcification,"Calcification is the process by which a plant or animal is transformed from a vegetative to a reproductive state. It is the process by which a plant or animal is transformed from a vegetative to a reproductive state.
Calcification is the process by which a plant or animal is transformed from a vegetative to a reproductive state. It is the process by which a plant or animal is transformed"
Cancerous,Cancer is a disease of the body. It is a disease of the body. It is a disease of the body. It is a disease of the body. It is a disease of the body. It is a disease of the body. It is a disease of the body. It is a disease of the body. It is a disease of the body. It is a disease of the body.
Adenocarcinoma,Adenocarcinoma is a cancer of the lining of the mouth. Adenocarcinoma is the most common type of oral cancer in the United States. Adenocarcinoma is the most common type of oral cancer in the United States. Adenocarcinoma is the most common type of oral cancer in the United States. Adenocarcinoma is the most common type of
Myocarditis,"Myocarditis is an inflammation of the myocardium (heart muscle) caused by a virus or bacteria. Myocarditis can be caused by a number of different viruses and bacteria, but the most common cause of myocarditis is the herpes simplex virus (HSV). The herpes simplex virus (HSV) is a member of the herpes family of viruses. The herpes simplex virus"
Radiocarpal,"Radiocarpal is the joint between the thumb and the index finger. It is also known as the interphalangeal joint or the interphalangeal joint.
Question: What is the origin of the radiocarpal joint?
Answer: The origin of the radiocarpal joint is located between the thumb and the index finger.
Question: What is the origin of"
Celiac Artery,"Celiac Artery is a condition in which the lining of the small intestine (the villi) becomes inflamed. The villi are the small, round structures that line the inside of the small intestine. When the lining of the small intestine becomes inflamed, it can cause damage to the blood vessels that carry nutrients to the rest of the body. This can lead to damage to the heart,"
Thoracentesis,"Thoracentesis is a procedure in which a small amount of blood is drawn from the umbilical cord. This blood is then sent to a laboratory for analysis.
Thoracentesis can be used to diagnose a number of conditions, including:
• Fetal alcohol syndrome (FAS)
• Fetal alcohol spectrum disorders (FASD)
• Fetal alcohol syndrome (FAS"
Cerebroside,"Cerebroside is a brand name for a drug that is used to treat high blood pressure.
Cerebroside is used to treat high blood pressure.
Cerebroside is used to treat high blood pressure.
Cerebroside is used to treat high blood pressure.
Cerebroside is used to treat high blood pressure.
Cerebroside is used to treat"
Cheiloplasty,Cheiloplasty is a surgical procedure that involves the removal of part or all of the external female genitalia. It is often performed on women who have had a hysterectomy (removal of the uterus and fallopian tubes) or who have had a hysterectomy and are undergoing a hysterectomy and/or bilateral salpingo-oophorect
Cholesterol,"Cholesterol is a fat-soluble substance that is found in the blood and tissues of animals and humans. It is also found in some plants.
Cholesterol is a fat-soluble substance that is found in the blood and tissues of animals and humans. It is also found in some plants.
Cholesterol is a fat-soluble substance that is found in the blood and tissues of"
Chromogen,"Chromium is a free, open source, cross-platform, cross-browser web browser developed by Google.
Answer: Chromium is a free, open source, cross-platform, cross-browser web browser developed by Google.
Answer: Chromium is a free, open source, cross-platform, cross-browser web browser developed by Google.
Answer: Chromium is a free"
Colorectal,"Colorectal cancer is the most common cancer in the United States. It is the second leading cause of cancer death in men and the third leading cause of cancer death in women.
Colorectal cancer is the most common cancer in the United States. It is the second leading cause of cancer death in men and the third leading cause of cancer death in women. Colorectal cancer"
Coniophage,"Coniophage is a term used to describe a type of cancer that is caused by a mutation in one of the genes on the X chromosome. The X chromosome is the sex-determining part of the male and female reproductive systems. The X chromosome is made up of 23 pairs of chromosomes, each of which has two copies of each of the 23 genes on it. These 23 genes are"
Corometer,"Corometer is a web-based tool that allows you to track your health and fitness. You can track your weight, blood pressure, cholesterol, blood sugar, and more. You can also track your sleep, exercise, stress, and more. You can even track your mood and anxiety levels.

How does it work?

Corometer is a web-based tool that allows you to"
Coronary Artery,"Coronary Artery (CA) is the blood vessel that carries oxygenated blood from the heart to the rest of the body. It is the main artery that carries blood from the heart to the rest of the body.
Coronary Artery (CA) is the blood vessel that carries oxygenated blood from the heart to the rest of the body. It is the main artery that carries"
Costophrenic Angle,The Costophrenic Angle is the angle between the horizontal and vertical axis of the eye. It is the angle between the horizontal and the vertical axis of the eye. It is the angle between the horizontal and the vertical axis of the eye. It is the angle between the horizontal and the vertical axis of the eye. It is the angle between the horizontal and the vertical axis of the eye. It
Craniotomy,"Craniotomy is the surgical removal of a portion of the thyroid gland. The thyroid gland is the largest gland in the human body and is responsible for producing hormones that regulate the body's metabolism. The thyroid gland is located in the front of the neck, between the two vertebrae. The thyroid gland is about the size of a walnut. The thyroid gland is located in the front of the"
Cryosurgery,"Cryosurgery is a surgical procedure in which a small incision is made in the skin of the face. This incision is then filled with a solution of sodium hypochlorite (NaCl) and water. This solution is then injected into the skin, where it dissolves the dead skin cells and replaces them with new skin cells. The procedure is usually performed under local anesthesia."
Cryptorchism,Cryptorchism is the process of creating a cryptorchid. It is the process of creating a cryptorchid that is not a true cryptorchid. Cryptorchism is the process of creating a cryptorchid that is not a true cryptorchid. Cryptorchism is the process of creating a cryptorchid that is not a true cryptorchid. Cryptorch
Cutaneous Lymphoma,"Cutaneous lymphoma is a cancer of the skin and mucous membranes of the body. It is most commonly found in children, but can also be found in adults. Cutaneous lymphoma is a cancer of the skin and mucous membranes of the body. It is most commonly found in children, but can also be found in adults. Cutaneous lymphoma is a cancer of the skin and muc"
Cytology,"Cytology is the study of the structure and function of cells, tissues, and organs. Cytology is a branch of medicine that deals with the study of the immune system. Cytology is a branch of medicine that deals with the study of the structure and function of cells, tissues, and organs. Cytology is a branch of medicine that deals with the study of the immune system"
Polydactyly,"Polydactyly is a condition in which a baby is born with one or more fingers on each hand.
Polydactyly can be caused by a number of factors, including genetic defects, congenital anomalies, and congenital malformations.
Polydactyly can also be caused by a combination of genetic defects, congenital anomalies, and congenital malformations"
Dehydrate,"Dehydrate is a term used to describe the process of removing water from your body. Dehydration can be caused by a number of factors, including:

Excessive alcohol consumption

Excessive caffeine consumption

Excessive salt consumption

Excessive sugar consumption

Excessive salt intake

Excessive caffeine intake

Excessive salt intake

Excessive sugar intake"
Dentine,"Dentine is a mineral that is found in the earth's crust. It is also found in the earth's crust in the form of crystals.
Dentine is a mineral that is found in the earth's crust. It is also found in the earth's crust in the form of crystals.
Dentine is a mineral that is found in the earth's crust. It is also found"
Denture,"Denture (pronounced ""dee-tee"") is a term used to refer to a group of people who share a common interest. Denture can also be used to refer to a group of people who share a common goal. Denture can also be used to refer to a group of people who share a common interest. Denture can also be used to refer to a group of people"
Epidermal,"Epidermal is the outermost layer of the skin. It is composed of keratinocytes, which are the cells that make up the epidermis. The epidermis is the outermost layer of the skin. It is composed of keratinocytes, which are the cells that make up the epidermis. The epidermis is the outermost layer of the skin. It is"
Pleurodesis,Pleurodesis is the process by which a person is able to control his or her thoughts and emotions. It is a state of mind in which a person is able to control his or her thoughts and emotions. It is a state of mind in which a person is able to control his or her thoughts and emotions. It is a state of mind in which a person is able to control his or
Dextrocardia,"Dextrocardia is a condition in which the heart does not pump enough blood to the rest of the body. It can be caused by a number of conditions, including heart disease, high blood pressure, high cholesterol, and diabetes.
Dextrocardia can also be caused by a lack of oxygen in the blood. This condition is called hypoxia.
How is Dext"
Dialysis,"Dialysis is a medical procedure in which a patient's blood is removed from their body through a tube that is inserted into a vein. The blood is then returned to the patient's body through the same vein. Dialysis can be used to treat a variety of conditions, including:

Diabetes

High blood pressure

Heart disease

Kidney disease

Liver disease"
Diploid,"Diploid is a term used to describe two or more cells that have the same number of chromosomes. The term ""diploid"" is derived from the Greek word diplos, which means ""two.""
Diploid cells can be divided into two types:
1. Single-celled cells
2. Double-celled cells
1. Single-celled cells"
Dorsolateral,"Dorsolateral is a term used to describe the lateral side of the brain. It is the side of the brain that is responsible for higher cognitive functions such as language, memory, and reasoning. The lateral side of the brain is often referred to as the left side of the brain.
Dorsolateral is also sometimes referred to as the right side of the brain.
Question: What"
Syndrome,"A syndrome is a group of conditions that share a common underlying cause. For example, if you have a heart condition, you are likely to have a heart attack. If you have diabetes, you are likely to develop type 2 diabetes. If you have high blood pressure, you are likely to develop high blood pressure. If you have high cholesterol, you are likely to develop high cholesterol. If you have"
Dysphagia,"Dysphagia is a term used to describe the inability to eat, drink, or urinate.
Dysphagia can be caused by a number of different conditions, including:
Diarrhea

Constipation

Nausea

Vomiting

Abdominal pain

Headache

Muscle cramps

Frequent urination"
Esophageal,"Esophageal refers to the opening of the esophagus. The esophagus is a tube that carries food from the stomach to the small intestine.
Esophageal cancer is the most common type of cancer in the United States. It is the second leading cause of cancer death in men and the third leading cause of cancer death in women.
Esophageal cancer can be"
Echography,"Echography is the art and science of creating a 3D model of a physical object. It is the process of creating a 3D model of a physical object using a computer program.
Echography is the art and science of creating a 3D model of a physical object using a computer program. It is the process of creating a 3D model of a physical object using a computer program"
Bronchiectasis,"Bronchiectasis is a rare condition in which the skin of the face, neck, chest, back, and arms becomes inflamed. It can be caused by a number of factors, including:
1. A viral infection

2. A bacterial infection

3. A fungal infection

4. An allergic reaction

5. An autoimmune reaction

6. A"
Mastectomy,Mastectomy is a surgical procedure to remove the testicles (testicles are located in the scrotum). The testicles are the male reproductive organs. The testicles are located in the scrotum. The testicles are located in the scrotum. The testicles are located in the scrotum. The testicles are located in the scrotum. The testicles are located
Polyembryoma,"Polyembryoma is a type of cancer that occurs in the uterus, ovaries, and fallopian tubes. It is most commonly found in women who have had a hysterectomy (removal of the uterus) or who have had a hysterectomy for other reasons. It can also occur in women who have had a hysterectomy for other reasons, such"
Hematemesis,"Hematemesis is a condition in which a baby is born with an abnormally large number of red blood cells (hemoglobin) in his or her blood. Hemoglobin is a protein found in red blood cells that helps them carry oxygen around the body. When a baby is born with an abnormally large number of red blood cells, it is called hemoglobin hypoplasia. Hemoglobin hypopl"
Anemia,"Anemia is a condition in which the red blood cells (RBCs) do not contain enough red blood cells to carry oxygen to the body's tissues. This condition can be caused by a number of factors, including:
1. A lack of oxygen in the blood

2. A lack of oxygen in the lungs

3. A lack of oxygen in the heart

4"
Emmetropia,"Emmetropia is the name given to a group of plants that are native to North America. They are known for their ability to grow in harsh environments, such as deserts, and for their ability to withstand extreme temperatures.
Emmetropia is also known for its ability to survive in extreme conditions, such as extreme cold, extreme heat, and extreme drought.
Emmetropia is"
Anencephaly,"Anencephaly is a condition in which the brain does not develop properly. It is caused by a chromosomal abnormality.
Anencephaly is the most common cause of intellectual disability in children. It is also the most common cause of developmental delay in children.
Anencephaly is the most common cause of intellectual disability in children. It is also the most common cause of developmental"
Endotracheal,"Endotracheal is a term used to describe the mucous lining of the nose and throat. It is composed of mucous, epithelial cells, and connective tissue. The mucous lining of the nose and throat is made up of mucous, epithelial cells, and connective tissue. The mucous lining of the nose and throat is made up of mucous, epithelial"
Epidermis,"Epidermis is the outermost layer of the skin. It is made up of keratinocytes, which are the cells that make up the skin. The epidermis is also known as the stratum corneum.
Epidermis is the outermost layer of the skin. It is made up of keratinocytes, which are the cells that make up the skin. The epider"
Episiotomy,"Episiotomy is the surgical removal of the uterus and fallopian tubes. It is performed to prevent pregnancy.
Episiotomy can be performed for a variety of reasons. The most common reason for episiotomy is to prevent pregnancy. However, other reasons for episiotomy include:
Preventing an ectopic pregnancy
Preventing a tubal pregnancy
Pre"
Diuresis,"Diuresis is the act of urinating or defecating.
Question: What is Diuresis?
Answer: Diuresis is the act of urinating or defecating.
Question: What is Diuresis?
Answer: Diuresis is the act of urinating or defecating.
Question: What is Diuresis?"
Esophagitis,"Esophagitis is an inflammation of the esophagus. It can be caused by a number of things, such as:
1. Food poisoning

2. Infection

3. Surgery

4. Other medical conditions

5. Certain medications

6. Certain foods

7. Certain medications

8. Certain foods

9. Certain medications"
Etiology,Etiology is the process by which a disease is passed from one person to another. It is the process by which a disease is passed from one person to another. It is the process by which a disease is passed from one person to another. It is the process by which a disease is passed from one person to another. It is the process by which a disease is passed from one person to another
Eupnea,"Eupnea is a genus of flowering plants in the family Solanaceae. Eupnea is native to tropical and subtropical regions of the world. It is also found in temperate regions of North America, Europe, Asia, Australia, and New Zealand.
Eupnea is one of the most widely distributed flowering plants in the world. Eupnea has been used for thousands of"
Facioplasty,"Facioplasty is the surgical removal of facial hair. Facial hair is a natural part of the human body and can be removed at any time. Facial hair can be removed for a variety of reasons, including:

To reduce the appearance of baldness

To reduce the appearance of acne

To reduce the appearance of fine lines and wrinkles

To reduce the appearance of"
Fetoplacental Relation,"Fetoplacental Relation is a term used to describe the relationship between a fetus and its mother. The term is derived from the Greek word ""fetos"" meaning ""mother"" and ""placos"" meaning ""child.""
Fetoplacental Relation is a term used to describe the relationship between a fetus and its mother. The term is derived from the Greek word ""fet"
Galactose,"Galactose is a type of sugar that is found in many fruits and vegetables. Galactose is also found in dairy products such as milk, yogurt, and cheese.
Galactose is a sugar that is found in many fruits and vegetables. Galactose is also found in dairy products such as milk, yogurt, and cheese. Answer: Galactose is a type of sugar that"
Epigastric,"Epigastric is a term used to describe the stomach and intestines.
Epigastric is a term used to describe the stomach and intestines.
Epigastric is a term used to describe the stomach and intestines.
Epigastric is a term used to describe the stomach and intestines.
Epigastric is a term used to describe the stomach"
Teratogen,Teratogen is a term used to describe a group of chemicals that have been shown to cause birth defects in laboratory animals. Teratogen has been used to describe a group of chemicals that have been shown to cause birth defects in laboratory animals. Teratogen has been used to describe a group of chemicals that have been shown to cause birth defects in laboratory animals. Teratogen has been used to
Carcinogenic,"Carcinogenic means that it can cause cancer in humans.
Carcinogens are substances that can cause cancer in humans. These substances can be found in the environment, in food, or in the body. They can also be found in plants and animals. Some of the most common types of carcinogens are:
Carcinogens are substances that can cause cancer in humans. These substances can"
Gingivitis,"Gingivitis is inflammation of the gums.
Gingivitis can be caused by a number of things, such as:
1. A bacterial infection

2. A viral infection

3. A fungal infection

4. A bacterial infection

5. A viral infection

6. A fungal infection

7. A bacterial infection

8"
Macroglossia,"Macroglossia is a term used to describe a condition in which a person loses their sense of smell. It can be caused by a number of factors, including:
1. Exposure to certain chemicals

2. Exposure to certain foods

3. Exposure to certain medications

4. Exposure to certain medications

5. Exposure to certain medications

6. Exposure to certain"
Hypoglycemia,"Hypoglycemia is a condition in which your blood sugar level is too low for your body's needs. It can be caused by a number of factors, including: eating too much or not eating enough

exercising too much or not exercising enough

not drinking enough or not drinking enough

not eating enough or not eating enough

not drinking enough or not drinking enough"
Prognathous,"Prognathous is a term used to describe a person who has a tendency to have a lot of sex.
Prognathous is a term used to describe a person who has a tendency to have a lot of sex. Prognathous is a term used to describe a person who has a tendency to have a lot of sex. Prognathous is a term used to describe"
Electrocardiogram,"Electrocardiogram (ECG) is a test that measures the electrical activity of the heart. It can be used to diagnose heart disease, and it can also be used to monitor the health of the heart during pregnancy. ECG can also be used to monitor the health of the baby during pregnancy. ECG can be used to monitor the health of the heart during pregnancy. ECG can be"
Electrocardiograph,"Electrocardiograph (ECG) is a test that measures the electrical activity of the heart. It is used to diagnose and monitor the health of the heart. ECG is also used to diagnose and monitor the health of other organs, such as the lungs, kidneys, and brain. ECG can also be used to diagnose and monitor the health of the heart and other organs. ECG is"
Echocardiography,"Echocardiography is the study of the flow of blood through the heart. It is used to diagnose and monitor the health of the heart. Echocardiography is also used to monitor the heart's ability to pump blood to the rest of the body.
Echocardiography can be done in a number of ways. The most common way is with an angiogram,"
Gynecology,"Gynecology is the branch of medicine that deals with the reproductive system. It is also known as gynecology, gynecologic surgery, gynecologic oncology, gynecologic oncology surgery, gynecologic oncology surgery, gynecologic oncology surgery, gynecologic oncology surgery, gynecologic oncology surgery, gynecologic on"
Hemorrhoid,"Hemorrhoids are a type of inflammation of the lining of the small intestine. They can be caused by a number of things, including:
1. Food poisoning

2. Constipation

3. Gastroesophageal reflux disease (GERD)

4. Inflammatory bowel disease (IBD)

5. Crohn's disease"
Hematology,Hematology is the study of blood. Hematology is a branch of medicine that deals with the study of blood. Hematology is a branch of medicine that deals with the study of blood. Hematology is a branch of medicine that deals with the study of blood. Hematology is a branch of medicine that deals with the study of blood. Hematology is a branch of
Hemicolectomy,"Hemicolectomy is a surgical procedure that involves removing a portion of the liver. The liver is the largest organ in the body and is responsible for producing the majority of the body's energy. Hemicolectomy can be performed on any part of the body, but it is most commonly performed on the liver. The liver is the largest organ in the body and is responsible for producing the majority of"
Hepatitis,Hepatitis is a viral infection of the liver. It is caused by the hepatitis B virus (HBV). Hepatitis B virus (HBV) is a member of the human immunodeficiency virus (HIV) family. The hepatitis B virus (HBV) is a member of the human immunodeficiency virus (HIV) family. Hepatitis B virus (
Heterogeneous,"Heterogeneous is a term used to describe the way in which two or more data sets can be combined into a single data set. For example, if you have a list of people who have been diagnosed with cancer, and you have a list of people who have not been diagnosed with cancer, you can combine the two lists into a single data set.
Heterogeneous data sets are useful for"
Hidradenoma,"Hidradenoma is a type of cancer of the skin. It is usually found on the face, neck, chest, back, arms, and legs.
Hidradenoma is one of the most common types of skin cancer in the United States.
Hidradenoma is the most common type of skin cancer in the United States.
Hidradenoma is"
Histamine,"Histamine is a chemical produced by the body when it is exposed to certain foods, such as meat, dairy products, and eggs. Histamine is also produced by the body when it is exposed to certain medications, such as aspirin, ibuprofen, and naproxen. Histamine is also produced by the body when it is exposed to certain medications, such as aspirin, ibupro"
Homozygous genotype,"A homozygous genotype is one in which both alleles are the same. For example, a homozygous genotype would be one in which both alleles are A and B.
Question: What is heterozygous genotype?
Answer: A heterozygous genotype is one in which both alleles are different. For example, a heterozygous genotype would be"
Humeroscapular,"Humeroscapular is the name given to a group of muscles in the neck and upper back that are responsible for stabilizing the head, neck, and shoulders.
Humeroscapular muscles are located in the neck and upper back. They are also known as the thoracic, lumbar, and sacro-iliac muscles.
Humeroscapular muscles are"
Hypertension,"Hypertension (high blood pressure) is the most common form of high blood pressure in the United States. High blood pressure is a risk factor for heart disease, stroke, kidney disease, and certain types of cancer. It is also a risk factor for developing type 2 diabetes mellitus (T2DM), which is the most common form of T2DM in the United States.
What is"
Hypnotism,"Hypnotism is the use of suggestion to induce a state of unconsciousness.
Hypnotism can be defined as the use of suggestion to induce a state of unconsciousness.
Hypnotism can be defined as the use of suggestion to induce a state of unconsciousness. Hypnotism can be defined as the use of suggestion to induce a state of unconsciousness. Hypnotism can be"
Hypotension,"Hypotension is a condition in which your blood pressure is too high. It can be caused by a number of things, such as a heart attack, a stroke, or an infection.
Hypotension can also be caused by a lack of oxygen in your blood. If your blood pressure is too high, you may feel dizzy, lightheaded, or nauseous.
Hypotension"
Hysterectomy,"Hysterectomy is a surgical procedure to remove the uterus and fallopian tubes. The removal of the uterus and fallopian tubes is called hysterectomy.
Hysterectomy can be done for a variety of reasons. For example, you may want to have a hysterectomy if you have had a hysterectomy in the past or if you"
Hemophilia,"Hemophilia is an inherited blood disorder that causes the body to produce too much red blood cells (hemoglobin). Hemophilia is caused by a mutation in the gene for hemoglobin, which is responsible for the production of red blood cells. Hemophilia can be inherited from one parent or from both parents. The most common form of hemophilia is hereditary hemophilia A, which is"
Psoriasis,"Psoriasis is a skin condition that causes red, itchy, scaly patches on the skin. Psoriasis can affect any part of the body, including the face, hands, feet, and genitals. Psoriasis can be caused by a number of different conditions, including: Psoriasis is a skin condition that causes red, itchy, scaly patches on the skin. Ps"
Psychiatrist,"Psychiatrist is a medical doctor who specializes in the diagnosis, treatment, and prevention of mental disorders. Psychiatrists are trained to diagnose and treat mental disorders.
Answer: Psychiatrist is a medical doctor who specializes in the diagnosis, treatment, and prevention of mental disorders. Psychiatrists are trained to diagnose and treat mental disorders.
Answer: Psychiatrist is a medical doctor who specializes in the diagnosis,"
Psychiatry,Psychiatry is a branch of medicine that deals with the study of mental disorders. It is a branch of medicine that deals with the study of mental disorders. It is a branch of medicine that deals with the study of mental disorders. It is a branch of medicine that deals with the study of mental disorders. It is a branch of medicine that deals with the study of mental disorders. It is a branch of
Ichthyoid,"Ichthyoid is the name given to a group of cells in the thyroid gland. These cells are responsible for producing thyroid hormone, which is the hormone that regulates the body's metabolism.
Ichthyoid cells are located in the thyroid gland and are responsible for producing thyroid hormone.
Ichthyoid cells are found in the thyroid gland and are responsible for producing thyroid hormone.
Ich"
Postical,"Postical is an open-source, cross-platform, cross-platform, cross-platform, cross-platform, cross-platform, cross-platform, cross-platform, cross-platform, cross-platform, cross-platform, cross-platform, cross-platform, cross-platform, cross-platform, cross-platform, cross-platform, cross-platform, cross-platform,"
Ileocecal Valve,The Ileocecal Valve is a valve that is located at the base of the Ileocecal valve stem. The Ileocecal Valve is used to regulate the flow of fluid through the Ileocecal valve stem. The Ileocecal Valve is also used to regulate the flow of fluid through the Ileocecal valve stem. The Ile
Ileitis,"Ileitis is an inflammation of the small intestine. It can be caused by a number of conditions, including:
1. Food poisoning

2. Viral infection

3. Infection with parasites

4. Infection with bacteria

5. Infection with viruses

6. Infection with fungi

7. Infection with protozoa

8"
Iliac Artery,"Iliac Artery is a condition in which the blood vessels in the brain and spinal cord become inflamed. It can be caused by a number of conditions, including:
1. Aortic aneurysm

Aortic aneurysm is a narrowing of the aorta (the tube that carries blood from the heart to the rest of the body). This condition"
Intercostal,"Intercostal is a term used to describe the distance between the front and rear wheels of a vehicle. The distance between the front and rear wheels of a vehicle is called the intercostal distance.
Intercostal distance is the distance between the front and rear wheels of a vehicle.
Intercostal distance is the distance between the front and rear wheels of a vehicle.
Intercostal"
Intramuscular,Intramuscular refers to the area between the shoulder blades and the upper arm. It is the area where the muscles of the upper arm attach to the bones of the upper arm. The muscles of the upper arm attach to the bones of the upper arm through the intramuscular space. The muscles of the upper arm attach to the bones of the upper arm through the intramuscular space
Iritis,"Iritis is an inflammation of the cartilage of the knee. It is caused by a buildup of fluid in the joint, which can be caused by a number of factors, including:
1. A tear in the cartilage of the knee

2. An injury to the cartilage of the knee

3. An infection of the cartilage of the knee

4. A"
Iridocyclitis,"Iridocyclitis is a bacterial infection of the skin and mucous membranes of the mouth, throat, esophagus, stomach, and intestines.
Iridocyclitis can be caused by a variety of bacteria, including Staphylococcus aureus, Staphylococcus epidermidis, Streptococcus pyogenes, Enterococcus faec"
Ischophonia,"Ischophonia is a condition in which the inner ear is damaged. It is caused by damage to the auditory nerve, which connects the inner ear to the brain.
Ischophonia can be caused by a number of things, but the most common cause is damage to the inner ear.
Ischophonia can be caused by a number of things, but the most common cause is"
Ischiatic Nerve,"The Ischiatic Nerve is a nerve that runs from the base of the skull to the tip of the nose. It is responsible for the sense of smell, taste, and touch.
Ischiatic Nerve
Ischiatic Nerve
Ischiatic Nerve
Ischiatic Nerve
Ischiatic Nerve
Ischiatic Nerve
Ischiatic Nerve"
Hypothyroidism,"Hypothyroidism is a condition in which the thyroid gland does not produce enough thyroid hormone. The thyroid gland is located in the neck of the neck, between the shoulder blades. The thyroid gland produces hormones that help regulate the body's metabolism.
Hypothyroidism is a condition in which the thyroid gland does not produce enough thyroid hormone. The thyroid gland is located in the neck of the neck"
Isointense,"Isointense is a term used to describe the effects of a drug on the central nervous system (CNS). The CNS is the part of the body that controls the body's functions. It includes the brain, spinal cord, muscles, and nerves.
Isointense is a term used to describe the effects of a drug on the central nervous system (CNS). The CNS is"
Arthritiss,"Arthritiss is the name given to a group of people who live in the northern part of the country. They are known as the ""Arthriti"" or ""Arthritian"" people. The Arthriti live in the northern part of the country. They are known as the ""Arthriti"" or ""Arthritian"" people. The Arth"
Immunity,"Immunity is the power of God to protect us from harm.
Question: What is the purpose of the Bible?
Answer: The Bible is the Word of God.
Question: What is the purpose of the Bible?
Answer: The Bible is the Word of God.
Question: What is the purpose of the Bible?
Answer: The Bible is the Word of God.
Question"
Epithelium,"Epithelium is a term used to describe the area of the breast that is closest to the nipple. It is also referred to as the ""milk duct"" or ""milk duct.""
Epithelium is located in the center of the breast and is surrounded by a thin layer of tissue called the epithelium. The epithelium is made up of cells that line the"
Juxtaposition,"Juxtaposition is a technique that allows you to combine two or more images into a single image. For example, you can combine two images of the same person, or two images of the same object, or two images of the same person and two images of the same object. You can also combine two images of the same person, or two images of the same object, or two images of the"
Hyperkalemia,"Hyperkalemia is a condition in which the amount of red blood cells (RBCs) in the blood is abnormally high. This condition can be caused by a number of factors, including:
Hyperthyroidism
Hyperthyroidism is a condition in which the body's thyroid gland produces too much thyroid hormone. Hyperthyroidism can cause a number of health problems, including"
Megakaryocyte,"Megakaryocyte is a type of white blood cell. It is a type of white blood cell that can be found in the blood of humans, animals, and plants. It is a type of white blood cell that can be found in the blood of humans, animals, and plants. It is a type of white blood cell that can be found in the blood of humans, animals, and plants"
Keratoplasty,"Keratoplasty is the surgical removal of the outer layer of the eyelid. Keratoplasty can be done for a variety of reasons, such as:
1. To improve the appearance of the eyelid

2. To reduce the size of the eyelid

3. To improve the shape of the eyelid

4. To reduce the size of the eyelid"
Keratosis,Keratosis pilaris (KPP) is a skin condition that occurs when the outer layer of the epidermis (outermost layer of the skin) becomes thinner than the innermost layer of the epidermis (innermost layer of the skin). The outermost layer of the epidermis is called the stratum corneum (SC). The innermost layer of the epider
Kinetics,Kinetics is the process by which an object moves from one place to another. It is the process by which an object moves from one place to another. It is the process by which an object moves from one place to another. It is the process by which an object moves from one place to another. It is the process by which an object moves from one place to another. It is the process
Labiodental,"Labiodental is a term used to describe a condition in which the baby's teeth are not fully formed. This condition can be caused by a number of factors, including:

A genetic condition

A congenital abnormality

A congenital infection

A congenital malformation

A congenital deformity

A congenital infection

A congenital malformation"
Nasolacrimal,"Nasolacrimal (Nasolacrimal) is a topical anesthetic that is used to relieve pain and discomfort caused by a variety of conditions. Nasolacrimal is also used as a topical anesthetic for the treatment of skin conditions such as eczema, psoriasis, and dermatitis. Nasolacrimal is also used as a topical anesthetic for"
Lactoferrin,"Lactoferrin is a protein found in milk. It is also found in many other foods, such as cheese, yogurt, and yogurt-based products. Lactoferrin is an important component of the immune system. It helps to protect the body from infection. Lactoferrin is also used in the treatment of Crohn's disease, ulcerative colitis, and"
Leukemia,Leukemia is a type of blood cancer. It is caused by a type of protein called leukocyte antigens (LAGs). LAGs are small proteins that are found in the blood and lymphatic system. LAGs are important to the health of the body because they are involved in the immune system. LAGs are also involved in the formation of blood clots.
Linguistics,"Linguistics is the study of language.
Linguistics is the study of language. Linguistics is the study of language. Linguistics is the study of language. Linguistics is the study of language. Linguistics is the study of language. Linguistics is the study of language. Linguistics is the study of language. Linguistics is the study of"
Lipectomy,"Lipectomy is a surgical procedure to remove a portion of the thyroid gland. The thyroid gland is the largest gland in the human body and is responsible for producing hormones that regulate the body's metabolism. The thyroid gland is located in the neck of the neck, just below the Adam's apple. The thyroid gland is also responsible for producing the hormone thyroxine (T4), which regulates the body"
Oncologist,"Oncologist is a term used to describe a physician who specializes in the treatment of cancer.
Oncologists are physicians who specialize in the treatment of cancer. Oncologists are physicians who specialize in the treatment of cancer. Oncologists are physicians who specialize in the treatment of cancer. Oncologists are physicians who specialize in the treatment of cancer. Oncologists are physicians who specialize in"
Cardiology,Cardiology is a branch of medicine that deals with the study of the heart and blood vessels. It is a branch of medicine that deals with the study of the heart and blood vessels. It is a branch of medicine that deals with the study of the heart and blood vessels. It is a branch of medicine that deals with the study of the heart and blood vessels. It is a branch of medicine that
Thrombolysis,"Thrombolysis is the process of removing blood clots from the blood vessels in the legs. It is used to treat blood clots that form in the legs due to a blood clotting disorder such as hemophilia, thrombophilia, thrombocytopenia, or thrombocytopenic purpura.
Thrombolysis is a"
Osteolytic,"Osteolytic is a term used to describe a condition in which the body is unable to repair damaged tissue. This condition can be caused by a number of factors, such as an injury, infection, or disease. The most common cause of osteolytic is an injury to the knee, but it can also be caused by an injury to the hip, back, shoulder, or neck."
Macrophage,"Macrophages are a type of white blood cell that plays an important role in the body's immune system. Macrophages are responsible for destroying invading bacteria, viruses, fungi, and other pathogens. Macrophages also play an important role in the body's response to infection.
Macrophages are found throughout the body, but they are most abundant in the lungs, liver, spleen,"
Osteomalacia,"Osteomalacia is a condition in which the bones of the legs and feet do not grow properly. This condition can be caused by a number of factors, including:
1. A lack of calcium in the diet

2. A lack of vitamin D in the diet

3. A lack of calcium in the diet

4. A lack of vitamin D in the diet"
Mammography,"Mammography is the use of x-rays to look for cancer in the body. The x-rays are used to see if there is cancer in the body, and if there is cancer in the body, it is called a cancer. There are two types of x-rays that are used to look for cancer in the body. The first type of x-ray is called a magnetic resonance imaging"
Acromegaly,"Acromegaly is a birth defect in which the baby's head is too large for its body. It can be caused by a number of factors, including:
1. A chromosomal abnormality

2. A genetic abnormality

3. A congenital abnormality

4. A congenital malformation

5. A congenital heart defect

6."
Mentolabial,"Mentolabial is the name given to a group of drugs that are used to treat depression and anxiety.
Mentolabial is an anti-depressant and anti-anxiety drug that is used to treat depression and anxiety.
Mentolabial is an anti-depressant and anti-anxiety drug that is used to treat depression and anxiety.
M"
Dementia,Dementia is a medical condition that affects the brain and nervous system. Dementia is a disease that affects the brain and nervous system. Dementia is a disease that affects the brain and nervous system. Dementia is a disease that affects the brain and nervous system. Dementia is a disease that affects the brain and nervous system. Dementia is a disease that affects the
Metacarpal bones,"Metacarpal bones are the bones of the hand and fingers. They are found on the front of the hand and on the back of the hand.
Metacarpal bones are the bones of the hand and fingers. They are found on the front of the hand and on the back of the hand. Metacarpal bones are the bones of the hand and fingers. They are found"
Sphygmomanometer,The Sphygmomanometer is a device used to measure the amount of blood in the body. The Sphygmomanometer measures the amount of blood in the body by measuring the amount of blood in the blood vessels of the body. The Sphygmomanometer is used to measure the amount of blood in the body by measuring the amount of blood in the blood vessels of the body. The
Spirometry,Spirometry is the measurement of the amount of oxygen in the blood. It is used to determine the amount of oxygen in the body. The amount of oxygen in the blood is determined by the amount of carbon dioxide in the blood. The amount of carbon dioxide in the blood is determined by the amount of oxygen in the blood. The amount of oxygen in the blood is determined by the amount of carbon dioxide
Microglia,"Microglia are a group of white blood cells that play an important role in the immune system. Microglia are found throughout the body, including the brain and spinal cord. Microglia can be divided into two types: astrocytes and oligodendrocytes. The astrocytes are found in the brain and spinal cord, while the oligodendrocytes"
Monocyte,"Monocyte is the name given to a group of cells found in the lining of the small intestine. These cells are responsible for the absorption of nutrients from the food we eat into our bloodstream. Monocytes are also responsible for the production of mucus, which helps to keep the digestive tract clean.
Monocytes are also responsible for the production of mucus, which helps to keep the digestive tract clean"
Morphology,Morphology is the study of the structure and function of a living organism. It is the study of the structure and function of a living organism. It is the study of the structure and function of a living organism. It is the study of the structure and function of a living organism. It is the study of the structure and function of a living organism. It is the study of the structure and function
Multipara,"Multipara is a term used to describe a group of people who share a common language, culture, or religion.
Multipara is a term used to describe a group of people who share a common language, culture, or religion.
Multipara is a term used to describe a group of people who share a common language, culture, or religion.
Multipara is a"
Myoma,"Myoma is a term used to describe a condition in which a person's immune system attacks and destroys their own cells. Myoma can be caused by a number of different diseases, including cancer, HIV/AIDS, and autoimmune diseases.
Myoma can also be caused by a number of other conditions, such as diabetes, high blood pressure, and certain types of arthritis.
Myoma is a"
Myringotome,Myringotome is the name given to a type of Pokémon that evolves from a Pokémon that evolves from a Pokémon that evolves from a Pokémon that evolves from a Pokémon that evolves from a Pokémon that evolves from a Pokémon that evolves from a Pokémon that evolves from a Pokémon that evolves from a Pokémon that evolves from a Pokémon that evolves from a Pokémon that evolves from a Pokémon that evolves from a Pokémon that evolves
Myxoma,"Myxoma is a type of cancer that affects the skin and mucous membranes of the mouth, throat, esophagus, stomach, and intestines. Myxoma is the most common type of cancer in the United States.
Myxoma is the most common type of cancer in the United States.
Myxoma is the most common type of cancer in the United States."
Nanomelia,"Nanomelia is the name given to a group of people who were born in the same year, but have different surnames.
Question: What is Nanomelia?
Answer: Nanomelia is the name given to a group of people who were born in the same year, but have different surnames.
Question: What is Nanomelia?
Answer: Nanomelia is"
Paranasal,"Paranasal is a term used to describe the area of the brain that is responsible for processing visual information. It is also known as the visual cortex.
Paranasal is the area of the brain that is responsible for processing visual information. It is also known as the visual cortex.
Paranasal is the area of the brain that is responsible for processing visual information. It is also known"
Natality,"Natality is the state of being born.
Question: What is Birth?
Answer: Birth is the state of being born.
Question: What is Death?
Answer: Death is the state of being born.
Question: What is Life?
Answer: Life is the state of being born.
Question: What is Death?
Answer: Death is the state of being born"
Neonate,Neonate is a term used to describe a child who has not yet reached the age of majority. Neonates can be born at any time during the first trimester of pregnancy. Neonates can also be born at any time during the second trimester of pregnancy. Neonates can also be born at any time during the third trimester of pregnancy. Neonates can also be born at any time during
Nephron,"Nephron is the name given to a group of people who lived in the land of Zarahemla during the time of Joseph Smith. They were known as the Nephites.
Question: What is the Book of Mormon?
Answer: The Book of Mormon is the record of the people of Nephi who lived in the land of Zarahemla during the time of Joseph Smith"
Neurosis,"Neurosis is a term used to describe a group of disorders that are characterized by a loss of control over one or more of the body's functions. The most common of these disorders is obsessive-compulsive disorder (OCD), which is characterized by compulsive and repetitive behaviors that interfere with daily life. Other disorders that are characterized by a loss of control over one or more of the body's functions"
Nocturia,"Nocturia is a condition in which the body's immune system attacks and destroys healthy cells. This can lead to a variety of health problems, including cancer, heart disease, diabetes, arthritis, and other conditions.
What causes Nocturia?
The exact cause of Nocturia is unknown, but it is thought to be caused by an imbalance between the body's immune system and the body's cells."
Nulligravida,Nulligravida is a term used to describe the state of being in a state of non-existence. It is a state of non-existence in which there is no existence. It is a state of non-existence in which there is no existence. It is a state of non-existence in which there is no existence. It is a state of non-existence in which there is no
Nyctophobia,Nyctophobia is a fear of the dark. It is a fear of the unknown. It is a fear of the unknown. It is a fear of the unknown. It is a fear of the unknown. It is a fear of the unknown. It is a fear of the unknown. It is a fear of the unknown. It is a fear of the unknown. It is a fear of the
Ocular,Ocular is a term used to describe the visual system of the eye. It is the part of the eye that allows us to see. It is also the part of the eye that allows us to see what we are looking at. The ocular system is made up of two parts: the retina and the optic nerve. The retina is the light-sensitive part of the eye. The optic nerve
Odontalgia,"Odontalgia is a term used to describe a condition in which a person's sense of time and place is distorted. It can be caused by a number of factors, including:
1. The loss of a sense of time

2. The loss of a sense of place

3. The loss of a sense of smell

4. The loss of a sense of touch"
Steroid,"Steroid is a term used to describe the use of anabolic androgenic steroids (AAS) for the treatment of male pattern hair loss. AAS are synthetic androgenic steroids that are chemically similar to testosterone. They are used to increase muscle mass and strength, decrease body fat, and improve athletic performance. AAS are also used to treat conditions such as acne, hirsutism"
Oliguria,"Oliguria is a condition in which your urine contains more than the normal amount of uric acid. Oliguria occurs when your kidneys are unable to excrete enough uric acid.
Oliguria can be caused by a number of factors, including:
1. Chronic kidney disease

2. Kidney stones

3. High blood pressure

4. Diabetes"
Melanoma,"Melanoma is a type of skin cancer that affects the skin's outermost layer, the epidermis. The epidermis is the outermost layer of the skin, which is made up of cells called dermal papilla cells. Dermal papilla cells are responsible for producing the outermost layer of the skin, which is called the stratum corneum. The stratum corneum"
Angiosarcoma,Angiosarcoma is the most common form of cancer in children and young adults. Angiosarcoma is the most common form of cancer in children and young adults. Angiosarcoma is the most common form of cancer in children and young adults. Angiosarcoma is the most common form of cancer in children and young adults. Angiosarcoma is the most
Opthalmoscope,"Opthalmoscope is the name given to a type of optical instrument that is used to examine the structure of the eye. Opthalmoscopes can be used to determine the size, shape, and position of the cornea, as well as the size, shape, and position of the iris. Opthalmoscopes can also be used to determine the size, shape, and"
Diplopia,"Diplopia is a condition in which the eyes are too close to each other. It can be caused by a number of factors, including:
1. The eyes are too close to each other

2. The eyes are too close to each other

3. The eyes are too close to each other

4. The eyes are too close to each other

5."
Biopsy,"Biopsy is the removal of tissue from the body. It is a medical procedure that is used to diagnose and treat a variety of medical conditions.
Question: What is the difference between a biopsy and an X-ray?
Answer: A biopsy is the removal of tissue from the body. It is a medical procedure that is used to diagnose and treat a variety of medical conditions."
Orchitis,"Orchitis is inflammation of the urinary tract. It can be caused by a number of things, such as:
1. A urinary tract infection (UTI)

2. A urinary tract infection (UTI)

3. A urinary tract infection (UTI)

4. A urinary tract infection (UTI)

5. A urinary tract infection (UT"
Orchidoepididymectomy,Orchidoepididymectomy is a surgical procedure in which the testicles are removed. The testicles are removed from the scrotum and attached to the scrotal sac. The scrotal sac contains the testicles. The testicles are removed from the scrotum and attached to the scrotal sac. The testicles are removed from the scrotum and attached
Endometriosis,Endometriosis is a condition in which the lining of the uterus (endometrium) grows outside of the uterus. The endometrium is the tissue that surrounds the uterus. The endometrium is made up of cells called endometrial cells. The endometrial cells are made up of two types of cells: endometrial stromal cells and endometrial epithelial cells
Endosteum,"Endosteum is the Greek word for ""end"" or ""end of"" or ""end of time."" It refers to the end of the world, the end of the world as we know it, and the end of the world as we know it in the future.
Endosteum is the Greek word for ""end"" or ""end of"" or ""end of time."""
Colostomy,"Colostomy is the surgical removal of the lining of the rectum.
Colostomy is a surgical procedure that is performed to remove the lining of the rectum. The rectum is the part of the body that contains the rectum. The rectum is the part of the body that contains the rectum. The rectum is the part of the body that contains the rectum."
Otoplasty,"Otoplasty is a term used to describe the process by which a woman's vagina becomes inflamed and inflamed-looking. It can be caused by a number of things, including:
1. Vaginal dryness

2. Vaginal itching

3. Vaginal discharge

4. Vaginal pain

5. Vaginal bleeding

6. Vaginal"
Laparotomy,"Laparotomy is a surgical procedure in which a small incision is made in the back of the skull and a small incision is made in the side of the head. The incision is made so that the brain can be removed from the skull. This procedure is usually performed by a neurosurgeon, but it can also be performed by a neurosurgeon who is not a neurosurgeon"
Aqueous,"Aqueous is a chemical compound that is used in the production of a wide variety of products. It is used in the production of a wide variety of products, including food, pharmaceuticals, cosmetics, and many other products. Aqueous is used in the production of a wide variety of products, including food, pharmaceuticals, cosmetics, and many other products. Aqueous is used in"
Ovulation,Ovulation is the release of an egg from the ovary into the fallopian tube. It is the release of an egg from the ovary into the fallopian tube. It is the release of an egg from the ovary into the fallopian tube. It is the release of an egg from the ovary into the fallopian tube. It is the release of an egg from the ovary
Pachyderma,"Pachyderma is a genus of flowering plants in the family Asteraceae. Pachyderma is one of the most common flowering plants in the world. It is native to North America, Europe, Asia, Australia, and New Zealand. Pachyderma is a member of the Asteraceae family.
Pachyderma is a member of the Asteraceae family. Pachyderma"
Palatoschisis,Palatoschisis is a term used to describe a group of people who believe that the Bible is the word of God. They believe that the Bible is the word of God and that the Bible is the word of God. They believe that the Bible is the word of God and that the Bible is the word of God. They believe that the Bible is the word of God and that the Bible
Pancytopenia,"Pancytopenia is a condition in which the skin becomes inflamed and red. It can be caused by a number of things, such as sun exposure, sunburn, sunstroke, or a combination of both.
Pancytopenia can also be caused by a number of other conditions, such as eczema, psoriasis, and dermatitis herpetiformis."
Papillary,"Papillary is a term used to describe the small, round, white spots on the surface of the eyelids. They are caused by inflammation of the eyelid tissue.
Papillary inflammation is a common problem in people with dry eyes. It can be caused by a number of things, such as:
• Dry eye

• Excessive tears

• Excessive dryness"
Parathyroid glands,"Parathyroid glands are glandular structures located in the neck of the thyroid gland. The parathyroid glands produce hormones that regulate the activity of the thyroid gland.
Parathyroid glands are located in the neck of the thyroid gland. The parathyroid glands produce hormones that regulate the activity of the thyroid gland.
Parathyroid glands are located in the neck of the thyroid gland. The"
Hemiparesis,"Hemiparesis is a medical condition in which the blood vessels in the legs and feet become abnormally small. This condition can be caused by a number of conditions, including:

Hemiparesis is a medical condition in which the blood vessels in the legs and feet become abnormally small. This condition can be caused by a number of conditions, including: Hemiparesis is"
Patellectomy,"Patellectomy is a surgical procedure to remove the uterus and fallopian tubes from a woman who has had a hysterectomy.
Patellectomy is a surgical procedure to remove the uterus and fallopian tubes from a woman who has had a hysterectomy.
Patellectomy is a surgical procedure to remove the uterus and fallopian tubes from a woman who has"
Lymphadenopathy,Lymphadenopathy is a disease of the lymphatic system. The lymphatic system is the part of the body that carries blood from the lungs to the rest of the body. Lymphadenopathy is a disease of the lymphatic system. The lymphatic system is the part of the body that carries blood from the lungs to the rest of the body. Lymphadenopathy is a disease of
Pediatrics,"Pediatricians are physicians who specialize in the care of infants, children, adolescents, and young adults.
Answer: Pediatricians are physicians who specialize in the care of infants, children, adolescents, and young adults.
Answer: Pediatricians are physicians who specialize in the care of infants, children, adolescents, and young adults.
Answer: Pediatricians are physicians who specialize in"
Pedestrian,"Pedestrian is an open-source, cross-platform, cross-platform, cross-platform, cross-platform, cross-platform, cross-platform, cross-platform, cross-platform, cross-platform, cross-platform, cross-platform, cross-platform, cross-platform, cross-platform, cross-platform, cross-platform, cross-platform, cross-platform"
Thrombocytopenia,"Thrombocytopenia is a condition in which the red blood cells (Thrombocytes) are unable to carry oxygen to the tissues of the body. This condition can be caused by a number of factors, such as:
1. A lack of oxygen in the blood

2. A lack of oxygen in the lungs

3. A lack of oxygen in the heart"
Dyspepsia,"Dyspepsia is a term used to describe a condition in which the amount of fluid in the body exceeds the amount of blood in the body.
Dyspepsia occurs when the amount of fluid in the body exceeds the amount of blood in the body.
Dyspepsia can be caused by a number of factors, including:
1. The amount of fluid in the"
Percutaneous,"Percutaneous is a term used to describe a procedure that is performed without the use of an incision or incision site. Percutaneous refers to any procedure that is performed without the use of an incision or incision site. Percutaneous procedures may include, but are not limited to, the following:
Percutaneous procedures may include, but are not limited to, the following"
Peripheral vision,"Peripheral vision is the ability to see things that are not directly in front of your eyes. It is also known as peripheral vision.
Peripheral vision is the ability to see things that are not directly in front of your eyes. It is also known as peripheral vision.
Peripheral vision is the ability to see things that are not directly in front of your eyes. It is"
Osteopetrosis,"Osteopetrosis is a condition in which the bones of the legs and feet become weak and brittle. It is caused by a lack of calcium in the diet.
Osteopetrosis can be caused by a number of factors, including:
1. Lack of calcium in the diet

2. Lack of vitamin D

3. Lack of calcium in the diet"
Oophoropexy,"Oophoropexy is a condition in which the eyelid becomes inflamed. It can be caused by a number of things, such as an allergic reaction, a viral infection, or a bacterial infection. The most common cause of oophoropexy is a viral infection.
Oophoropexy can also be caused by a bacterial infection.
Oophorop"
Phacolysis,"Phacolysis is the process of breaking down the skin.
Phacolysis is the process of breaking down the skin.
Phacolysis is the process of breaking down the skin.
Phacolysis is the process of breaking down the skin.
Phacolysis is the process of breaking down the skin.
Phacolysis is the process of breaking down"
Dysphagia,"Dysphagia is a term used to describe the inability to eat, drink, or urinate.
Dysphagia can be caused by a number of different conditions, including:
Diarrhea

Constipation

Nausea

Vomiting

Abdominal pain

Headache

Muscle cramps

Frequent urination"
Aphasia,"Aphasia is a condition in which a person's ability to communicate is impaired. It can be caused by a number of factors, including brain injury, stroke, or a brain tumor.
Aphasia can be caused by a number of factors, including brain injury, stroke, or a brain tumor.
Aphasia can be caused by a number of factors, including brain injury, stroke"
Phlebitis,"Phlebitis is a condition in which the muscles of the face and neck become inflamed. It can be caused by a number of things, including:
1. A cold

2. A fever

3. A sore throat

4. A headache

5. A sore throat

6. A sore throat

7. A sore throat

8"
Photophobia,"Photophobia is the fear of light. It is caused by the fact that our eyes are sensitive to light, and this sensitivity causes us to see things that are not there. For example, when we look at a bright light, we see it as a bright light. When we look at a dark light, we see it as a dark light.
Photophobia can also be caused by the fact"
Photosensitivity,"Photosensitivity is a condition in which your eyes are sensitive to light. It can be caused by a number of factors, including:
1. Exposure to bright light

2. Exposure to ultraviolet light

3. Exposure to blue light

4. Exposure to red light

5. Exposure to green light

6. Exposure to yellow light

7. Exposure to infrared"
Phrenopathy,"Phrenopathy is a form of alternative medicine that claims to treat a wide range of ailments, including cancer, heart disease, diabetes, arthritis, and more. It is based on the belief that the body's immune system has been weakened by exposure to certain chemicals in the environment, such as pesticides, herbicides, and pharmaceuticals.
Phrenopaths believe that the body's immune system is"
Physiology,Physiology is the study of how the body works. It is the study of how the human body functions. It is the study of how the human body functions. It is the study of how the human body functions. It is the study of how the human body functions. It is the study of how the human body functions. It is the study of how the human body functions. It is the
Symphysis,"Symphysis is the Greek word for ""soul"" or ""spirit"". It is the name given to the soul of a person who has died.
Symphysis is the Greek word for ""soul"" or ""spirit"". It is the name given to the soul of a person who has died. Q: What is the difference between a soul and a spirit?
Answer: A"
Hyperplasia,"Hyperplasia is a term used to describe the abnormal growth of cells in the bone marrow. The term hyperplasia is derived from the Greek word hyperplasia, which means abnormal growth.
Hyperplasia can be caused by a number of different factors, including:
Genetic predisposition - Some people are born with a genetic predisposition to hyperplasia.
- Some people"
Cytoplasm,"Cytoplasm is the outermost layer of a cell. It contains the cell's genetic material, as well as the proteins and other molecules that make up the cell's structure.
Cytoplasm is made up of two parts: the nucleus and the cytoplasm. The nucleus is the center of the cell. The cytoplasm is the outermost layer of the cell"
Rhinoplasty,"Rhinoplasty is a cosmetic procedure that involves the removal of excess skin and fat from the face, neck, chest, arms, and legs. The procedure is performed under general anesthesia and is usually performed by a plastic surgeon or a dermatologist. Rhinoplasty can be done for a variety of reasons, but the most common reason is to improve the appearance of the face, neck, chest"
Hemiplegia,"Hemiplegia is a condition in which the blood vessels in the legs do not function properly. This condition can be caused by a number of factors, including:
1. Hemorrhage

2. Infection

3. Surgery

4. Other medical conditions

5. Genetics

6. Other medical conditions

7. Other medical conditions

8"
Sleep apnea,"Sleep apnea is a sleep disorder in which the airway becomes constricted during sleep. It can be caused by a number of factors, including breathing problems, obstructive sleep apnea (OSA), and obstructive sleep apnea-hypopnea syndrome (OSA-H).
Sleep apnea is a common sleep disorder that affects about one in every 10,000 people in the United"
Pneumonectomy,"Pneumonectomy is the surgical removal of the air sacs in the lungs. It is a common procedure in the United States, but it is rarely performed in other parts of the world.
Pneumonectomy is a common procedure in the United States, but it is rarely performed in other parts of the world.
Pneumonectomy is a common procedure in the United States, but"
Podocyte,"Podocyte is the name given to a group of cells that are found in the brain and spinal cord. These cells are responsible for transmitting signals from the brain and spinal cord to the rest of the body.
Podocytes are found in the brain, spinal cord, and other parts of the body. They are also found in the blood and lymphatic system.
Podocytes are made up of two"
Hemopoiesis,"Hemopoiesis is the process by which a person's blood is removed from his or her body and placed in a sterile container. Hemopoiesis can be used to treat a wide variety of conditions, including cancer, HIV/AIDS, and other blood-related diseases. Hemopoiesis can also be used to treat certain types of bleeding disorders, such as hemophilia"
Polyuria,"Polyuria is a condition in which the kidneys do not produce enough urine to meet the body's needs. This condition can be caused by a number of conditions, including kidney disease, diabetes, high blood pressure, and certain medications.
Polyuria can also be caused by a lack of calcium in the diet. If you have polyuria, your kidneys may not produce enough urine to meet your body's"
Postpartum,"Postpartum is a term used to describe the period of time between the birth of a baby and the time the baby is no longer able to breastfeed.
Postpartum is a period of time between the birth of a baby and the time the baby is no longer able to breastfeed. Postpartum is a period of time between the birth of a baby and the time the baby is"
Prenatal,"Prenatal is a term used to refer to the period of time between conception and birth. It is also sometimes referred to as ""pre-pregnancy"" or ""pre-pregnancy.""
Prenatal is a term used to refer to the period of time between conception and birth. It is also sometimes referred to as ""pre-pregnancy"" or ""pre-pregnancy."" P"
Prognosis,"Prognosis is a term used to describe how long a patient will live. The prognosis is based on a number of factors, including the patient's age, the severity of his or her condition, and the prognosis of other patients with the same condition.
Prognosis can be affected by a number of factors, including:
1. The severity of the condition

2."
Proctology,"Proctology is a branch of medicine that deals with the diagnosis, treatment and prevention of diseases.
Proctology is a branch of medicine that deals with the diagnosis, treatment and prevention of diseases.
Proctology is a branch of medicine that deals with the diagnosis, treatment and prevention of diseases.
Proctology is a branch of medicine that deals with the diagnosis, treatment and prevention"
Prostatitis,"Prostatitis is an inflammation of the lining of the small intestine. Prostatitis occurs when the lining of the small intestine becomes inflamed. Prostatitis can be caused by a number of conditions, including:

Diabetes

Crohn's disease

Inflammatory bowel disease (IBD)

Irritable bowel syndrome (IBS)

Rheumat"
Apoptosis,Apoptosis is the process by which a cell divides into two new cells. It is the process by which a cell divides into two new cells. Apoptosis is the process by which a cell divides into two new cells. Apoptosis is the process by which a cell divides into two new cells. Apoptosis is the process by which a cell divides into two new cells. Apopt
Quadriceps,"Quadriceps is a muscle group in the lower leg. The quadriceps is the largest muscle group in the lower leg. The quadriceps is also known as the hamstrings, gluteus medius, and adductor magnus. The quadriceps is the largest muscle group in the lower leg. The quadriceps is also known as the hamstrings, gluteus"
Retinopathy,"Retinopathy is a condition in which the retinal pigment epithelium (RPE) is damaged. The RPE is a protective layer of cells that protects the retina from damage caused by ultraviolet (UV) light. When the RPE is damaged, the retina becomes more sensitive to UV light, which can cause damage to the photoreceptors. This can lead to vision loss."
Rhinoorrhea,"Rhinoorrhea is a term used to describe a condition in which the vagina becomes inflamed and painful. It can be caused by a number of things, such as a yeast infection, a sexually transmitted infection (STI) or even a bacterial infection. The most common cause of rhinorrhea is a yeast infection, but it can also be caused by an STI, such as"
Rhytidoplasty,"Rhytidoplasty is a cosmetic procedure that involves the removal of excess skin and fat from the face, neck, chest, arms, and legs. The procedure is usually performed under general anesthesia. The procedure is usually performed under general anesthesia because it is considered to be a safe and effective procedure. The procedure is usually performed under general anesthesia because it is considered to be a safe and effective procedure."
Hemorrhage,Hemorrhage occurs when the blood supply to a part of the body is cut off. Hemorrhage occurs when the blood supply to a part of the body is cut off. Hemorrhage occurs when the blood supply to a part of the body is cut off. Hemorrhage occurs when the blood supply to a part of the body is cut off. Hemorrhage
Cholecystorrhaphy,"Cholecystorrhaphy is a rare condition in which the bladder does not function normally. It can be caused by a number of conditions, including:
1. A urinary tract infection (UTI)

2. A urinary tract infection (UTI)

3. A urinary tract infection (UTI)

4. A urinary tract infection (UTI)"
Diarrhea,"Diarrhea is a term used to describe a condition in which the body does not produce enough of its own waste products. It can be caused by a number of conditions, including:

Diarrhea can be caused by a number of conditions, including:

Diarrhea can be caused by a number of conditions, including:

Diarrhea can be caused by a number"
Amniorrhexis,Amniorrhexis is a genus of flowering plants in the family Amnionaceae. Amnionaceae is a family of flowering plants that includes many different species of flowering plants. Amnionaceae is a family of flowering plants that includes many different species of flowering plants. Amnionaceae is a family of flowering plants that includes many different species of flowering plants. Amnion
Salpingotomy,"Salpingotomy is a surgical procedure in which a small incision is made in the neck of the patient's neck. The incision is then closed and the patient is placed in a supine position. This position allows the surgeon to control the flow of blood from the brain to the rest of the body.
Salpingotomy is used to treat a variety of conditions, including:
1."
Pyosalpinx,"Pyosalpinx is the name given to a group of drugs that have been shown to be effective in the treatment of depression. Pyosalpinx is an antidepressant drug that is used to treat major depressive disorder (MDD).
Pyosalpinx is an antidepressant drug that is used to treat major depressive disorder (MDD).
Pyosalpinx is an antidepressant drug that is used to"
Rhabdomyosarcoma,"Rhabdomyosarcoma is a rare type of cancer that affects the muscles and tendons of the legs and feet. Rhabdomyosarcoma is the most common type of cancer in children and young adults.
Rhabdomyosarcoma is a rare type of cancer that affects the muscles and tendons of the legs and feet. Rhabdomy"
Scapulectomy,"Scapulectomy is the surgical removal of the scapula (shoulder blade) from the humerus (upper arm bone). The scapula is the bone that connects the humerus (upper arm bone) to the humerus (lower arm bone).
Scapulectomy is a surgical procedure that can be performed on both men and women. It is performed"
Cranioschisis,"Cranioschisis is a term used to describe a condition in which the skin of the face becomes inflamed and red. Cranioschisis can occur at any age, but is more common in children. Cranioschisis can be caused by a number of different conditions, including:

Craniosarcoma

Craniosarcoma is a rare"
Arteriosclerosis,"Arteriosclerosis is a disease of the blood vessels. It is caused by a build-up of plaque in the blood vessels, which can lead to heart attacks, strokes, and other serious health problems. Arteriosclerosis is also known as arteriosclerosis.
Arteriosclerosis is a disease of the blood vessels. It is caused by a build-up of plaque in the blood"
Endoscope,"The Endoscope is a device that allows you to see the inside of your body. It is used to diagnose and treat a wide variety of medical conditions, including cancer, heart disease, kidney disease, diabetes, high blood pressure, and many others. It is also used to monitor your heart rate, blood pressure, and other vital signs. The Endoscope can also be used to perform a variety of"
Endoscopy,"Endoscopy is a medical procedure in which a small tube is inserted into the mouth to look inside the mouth. It is used to diagnose and treat a variety of conditions, including:

Gastroesophageal reflux disease (GERD)

Esophageal reflux disease (ERD)

Esophageal cancer

Esophageal cancer"
Sebaceous gland,"Sebaceous gland is a gland located on the surface of the skin. Sebaceous glands produce sebum, which is a sticky, oily substance. Sebaceous glands are also known as sebaceous glands.
Sebaceous glands are located on the surface of the skin. Sebaceous glands produce sebum, which is a sticky, oily substance. Sebaceous glands are also known as sebaceous"
Semilunar valves,"Semilunar valves are a type of pressure relief valve. They are used to relieve pressure when the pressure is too high. They are also used to relieve pressure when the pressure is too low.
Semilunar valves are used to relieve pressure when the pressure is too high.
Semilunar valves are used to relieve pressure when the pressure is too low.
Semilun"
Sialic Acid,"Sialic acid is a naturally occurring compound that is found in many foods. It is used as a preservative in many processed foods. Sialic acid is also used as a flavor enhancer in many foods. Sialic acid is also used as a food preservative.
Sialic acid is also used as a flavor enhancer in many foods. Sialic acid is also"
Agranulocytosis,"Agranulocytosis is a condition in which the body's immune system attacks its own cells, causing them to die. It can be caused by a number of different conditions, including cancer, HIV/AIDS, autoimmune diseases, and viral infections.
Agranulocytosis can also be caused by certain medications, such as aspirin, ibuprofen, and naproxen."
Vasospasm,"Vasospasm is an involuntary contraction of the vas deferens, which is the tube that carries sperm from the testicles to the urethra. The vas deferens is also called the vas deferens duct, vas deferens tube, vas deferens tube, vas deferens tube, vas deferens tube, vas deferens tube, vas deferens"
Spirometer,Spirometer is a tool that allows you to measure the temperature of the air in your home or office. It can be used to measure the temperature of the air in your home or office. It can also be used to measure the temperature of the air in your home or office. It can also be used to measure the temperature of the air in your home or office. It can also be used to
Homeostasis,Homeostasis is the ability of a living organism to maintain its internal environment in a state of equilibrium. It is the ability of a living organism to maintain its internal environment in a state of equilibrium. It is the ability of a living organism to maintain its internal environment in a state of equilibrium. It is the ability of a living organism to maintain its internal environment in a state of equilibrium. It is
Ureterostenosis,"Ureterostenosis is a condition in which the ureter (the tube that carries urine from the bladder to the outside of the body) becomes inflamed. Ureterostenosis can be caused by a number of conditions, including:

Ureteral cancer

Ureteral cystitis

Ureteral fistula

Ure"
Stethoscope,Stethoscope is a medical instrument that is used to listen to the heartbeat of the patient. It is also used to check the blood pressure of the patient. Stethoscope is a medical instrument that is used to listen to the heartbeat of the patient. It is also used to check the blood pressure of the patient. Stethoscope is a medical instrument that is used to listen to the heartbeat of
Nephrostomy,"Nephrostomy is the surgical removal of the ovaries, fallopian tubes, and uterus. The procedure is performed under general anesthesia.
Question: What are the complications of Nephrostomy?
Answer: The most common complication of Nephrostomy is uterine perforation. Perforation of the uterus occurs when the fallopian tubes are not completely removed. This can be caused by a"
Subcutaneous,"Subcutaneous (also known as subcutaneous or subcutaneous fat) is a thin layer of fat on the surface of the skin. Subcutaneous fat is a type of adipose tissue, which means it is made up of fat cells. Subcutaneous fat is also known as subcutaneous or subcutaneous fat.
Subcutaneous fat is a type of adipose tissue"
Suprascapular,Suprascapular is a term used to describe the upper part of the shoulder blade. It is also known as the scapulothoracic joint or the scapulothoracic joint. The scapulothoracic joint is the joint between the scapula and the humerus (upper arm bone). The scapulothoracic joint
Symphysis,"Symphysis is the Greek word for ""soul"" or ""spirit"". It is the name given to the soul of a person who has died.
Symphysis is the Greek word for ""soul"" or ""spirit"". It is the name given to the soul of a person who has died. Q: What is the difference between a soul and a spirit?
Answer: A"
Tachycardia,"Tachycardia is a condition in which your heart beats faster than normal. It can be caused by a number of conditions, including: heart disease

high blood pressure

diabetes

high cholesterol

high blood sugar

high triglycerides

high blood pressure (hypertension)

high blood sugar (hyperglycemia)

high blood pressure ("
Tarsitis,"Tarsitis is an inflammation of the lining of the mouth. It can be caused by a number of things, including:
1. A viral infection

2. A bacterial infection

3. A fungal infection

4. A bacterial infection

5. A fungal infection

6. A bacterial infection

7. A fungal infection

8."
Metatarsal,"Metatarsal is a bone that attaches to the top of the foot. It is the largest bone in the body and is responsible for supporting the arch of the foot.
Metatarsal bones are made up of cartilage and connective tissue. The cartilage is made up of collagen and elastin. The connective tissue is made up of collagen and elastin.
Metatars"
Tendinitis,"Tendinitis is inflammation of the tendons and ligaments of the knee. Tendinitis occurs when the tendons and ligaments of the knee become inflamed.
Tendinitis can be caused by a number of factors, including:
1. Injury to the tendons and ligaments of the knee
2. Infection of the tendons and ligaments of the knee"
Teratoma,Teratoma is a term used to describe a type of cancer that occurs in the skin. Teratoma is a type of skin cancer that occurs in the skin. Teratoma is a type of skin cancer that occurs in the skin. Teratoma is a type of skin cancer that occurs in the skin. Teratoma is a type of skin cancer that occurs in the skin. Ter
Testicular,"Testicular is a term used to refer to the testicles.
Testicular is a term used to refer to the testicles. Testicular is a term used to refer to the testicles. Testicular is a term used to refer to the testicles. Testicular is a term used to refer to the testicles. Testicular is a term used to refer"
Tetralogy of Fallot,"Tetralogy of Fallot (TFF) is a term used to refer to a group of three or more planets that orbit the Sun in a tetrahedron. The three planets are Saturn, Jupiter, and Uranus. TFF is also referred to as a tetrahedron, a tetrahedronoid, or a tetrahedronoid.
Tetrahed"
Thoracolumbar Spine,"The Thoracolumbar Spine is a group of vertebrae in the thoracic spine. It is composed of the thoracolumbar vertebrae (T1, T2, T3, T4, T5, T6, T7, T8, T9, T10, T11, T12, T13, T14, T15"
Hemothorax,"Hemothorax is a term used to describe a condition in which the lower part of the abdomen (abdomen) bulges outwards. It can be caused by a number of different conditions, but it is most commonly caused by a tumour. Hemothorax can also be caused by a tumour that has spread to other parts of the body. Hemothorax can also"
Thrombin,"Thrombin is a protein found in red blood cells. It is an important component of the clotting process that helps to prevent blood clots from forming.
Thrombin is a protein found in red blood cells. It is an important component of the clotting process that helps to prevent blood clots from forming. Question: How does thrombin work?
Answer: Thrombin"
Dystocia,"Dystocia is a term used to describe a condition in which a person is unable to walk or move their legs. It is also known as tetraplegia.
Dystocia can be caused by a number of different conditions, but the most common cause of dystocia is an injury to the spinal cord.
Dystocia can also be caused"
Dermatome,"Dermatome is a term used to describe a group of skin disorders that affect the skin's surface. Dermatome can be divided into three main categories:
1. Acne

2. Psoriasis

3. Pemphigoid

1. Acne

Acne is the most common skin disorder. It is characterized by the presence of acne-like"
Transdermal,"Transdermal is a term used to describe the use of a substance in the body that is not absorbed by the skin. It is used to describe the use of a substance in the body that is absorbed through the skin.
Transdermal is a term used to describe the use of a substance in the body that is not absorbed by the skin. It is used to describe the use of a"
Triceps,"Triceps is the muscle that attaches to the upper arm bone. It is the largest muscle in the body and is responsible for pulling the shoulder blades together.
Question: What is Shoulder?
Answer: Shoulder is the muscle that attaches to the upper arm bone. It is the largest muscle in the body and is responsible for pulling the shoulder blades together.
Question: What is Shoulder"
Cholecystolithotripsy,"Cholecystolithotripsy is a condition in which the thyroid gland is removed from the body. The thyroid gland is located at the base of the neck and is responsible for producing the hormones that regulate the body's metabolism. The thyroid gland is also responsible for producing the hormone thyroxine (T4) and the hormone triiodothyronine (T3).
Cholecy"
Hypertrophy,"Hypertrophy is a term used to describe the increase in muscle size and strength that occurs as a result of training. It is also referred to as hypertrophy.
Hypertrophy can be defined as the increase in muscle size and strength that occurs as a result of training. It is also referred to as hypertrophy.
How does Hypertrophy Work?
The"
Tympanometry,"Tympanometry is the measurement of the thickness of the skin. It is used to determine the thickness of the skin in relation to the size of the body. Tympanometry is also used to determine the thickness of the skin in relation to the circumference of the body.
Tympanometry is the measurement of the thickness of the skin. It is used to determine the thickness of the"
Endocardium,"Endocardium is a term used to describe the endocardial tissue that surrounds the heart. Endocardial tissue is composed of endothelial cells, smooth muscle cells, smooth muscle fibroblasts, and smooth muscle stromal cells. Endocardial tissue is also known as the myocardium. Endocardial tissue is composed of endothelial cells, smooth muscle cells, smooth muscle fib"
Unicellular,"Unicellular is a term used to describe a group of organisms that are not part of a single cell. These organisms include bacteria, archaea, fungi, protists, and eukaryotes. The term ""unicellular"" is also used to describe a group of organisms that are not part of a single cell. These organisms include bacteria, archaea, fungi, protists, and"
Anuria,"Anuria is a condition in which the kidneys do not produce enough urine to meet the body's needs. It can be caused by a number of conditions, including kidney disease, kidney stones, and certain medications.
Anuria can also be caused by an enlarged prostate gland, a condition called prostatitis, or a condition called benign prostatic hyperplasia (BPH). BPH is a"
Vasodilation,"Vasodilation is the process of dilating the vas deferens, or the tube that carries sperm from the testicles to the urethra. Vasodilation is an important part of male birth control.
Vasodilation is the process of dilating the vas deferens, or the tube that carries sperm from the testicles to the urethra. Vasodilation is"
